
{
    "item1":
        {"id":0,
        "title":"Elixir Vitalis",
        "category":"Potion",
        "description":"Lorem Sed do eiusmod tempor incididunt ut labore et dolore magna aliqua.",
        "stock":23,
        "price":24,
        "src":"https://www.kindpng.com/picc/m/748-7482560_potion-pixel-art-animation-hd-png-download.png"
        },
    "item2":
        {"id":1,
        "title":"Lighting Maker",
        "category":"Staff",
        "description":"Lorem ipsum dolor sit amet,consectetur adipiscing elit.",
        "stock":3,
        "price":321,
        "src":"https://encrypted-tbn0.gstatic.com/images?q=tbn:ANd9GcTxHk3bC2plXKxM9Fg64y_SvhRs_SUE-QLo_A&usqp=CAU"
        },
    "item3":
        {"id":2,
            "title":"Invisibility Cloak",
        "category":"Cloak",
        "description":"Consectetur adipiscing elit, sed do eiusmod tempor incididunt ut labore et dolore magna aliqua.",
        "stock":1,
        "price":754,
        "src":"https://www.kindpng.com/picc/m/486-4867002_transparent-robe-png-wizard-pixel-art-png-download.png"
        } 
}